Episodio n;Titulo;URL;Año;Mes
Episodio 1;Rock sinfónico clásico;http://www.rtve.es/play/audios/discopolis/discopolis-rock-sinfonico-clasico-04-04-12/1368333/;2012;4
Episodio 2;Rock sinfónico;http://www.rtve.es/play/audios/discopolis/discopolis-8162-rock-sinfonico-31-12-12/1630345/;2012;12
Episodio 3;Rock sinfónico 2;http://www.rtve.es/play/audios/discopolis/discopolis-8163-rock-sinfonico-2-01-01-13/1630871/;2013;1
Episodio 4;Rock sinfónico 3;http://www.rtve.es/play/audios/discopolis/discopolis-8164-rock-sinfonico-3-02-01-13/1631668/;2013;1
Episodio 5;Rock sinfónico 4;http://www.rtve.es/play/audios/discopolis/discopolis-8165-rock-sinfonico-4-03-01-13/1632805/;2013;1
Episodio 6;Rock sinfónico 5;http://www.rtve.es/play/audios/discopolis/discopolis-8169-rock-sinfonico-5-08-01-13/1645451/;2013;1
Episodio 7;Rock Sinfónico 6;http://www.rtve.es/play/audios/discopolis/discopolis-8170-rock-sinfonico-6-09-01-13/1651782/;2013;1
Episodio 8;Rock Sinfónico y 7;http://www.rtve.es/play/audios/discopolis/discopolis-8171-rock-sinfonico-7-10-01-13/1657457/;2013;1
Episodio 9;Rock Sinfónico 8;http://www.rtve.es/play/audios/discopolis/discopolis-8175-rock-sinfonico-8-15-01-13/1664614/;2013;1
Episodio 10;Rock Sinfónico 9;https://www.rtve.es/play/audios/discopolis/discopolis-8176-rock-sinfonico-9-16-01-13/1666688/;2013;1
Episodio 11;Rock Sinfónico 10;https://www.rtve.es/play/audios/discopolis/discopolis-8177-rock-sinfonico-10-17-01-13/1668521/;2013;1
Episodio 12;Rock Sinfónico 11;http://www.rtve.es/play/audios/discopolis/discopolis-8178-rock-sinfonico-11-18-01-13/1669944/;2013;1
Episodio 13;Rock Sinfónico 12;http://www.rtve.es/play/audios/discopolis/discopolis-8180-rock-sinfonico-12-21-01-13/1671606/;2013;1
Episodio 14;Rock Sinfónico 13;http://www.rtve.es/play/audios/discopolis/discopolis-8181-rock-sinfonico-13-22-01-13/1672584/;2013;1
Episodio 15;Rock sinfónico 14;http://www.rtve.es/play/audios/discopolis/discopolis-8182-rock-sinfonico-14-23-01-13/1673508/;2013;1
Episodio 16;Rock sinfónico 15;http://www.rtve.es/play/audios/discopolis/discopolis-8183-rock-sinfonico-15-24-01-13/1674570/;2013;1
Episodio 17;Rock sinfónico 16;http://www.rtve.es/play/audios/discopolis/discopolis-8184-rock-sinfonico-16-25-01-13/1675477/;2013;1
Episodio 18;Rock sinfónico 17;http://www.rtve.es/play/audios/discopolis/discopolis-8188-rock-sinfonico-17-30-01-13/1678819/;2013;1
Episodio 19;Rock sinfónico 18;http://www.rtve.es/play/audios/discopolis/discopolis-1238-toma-daca-guille-vetusta-santiago-alcanda-31-01-13/1679827/;2013;1
Episodio 20;Rock sinfónico 19;http://www.rtve.es/play/audios/discopolis/discopolis-8190-rock-sinfonico-19-01-02-13/1680804/;2013;2
Episodio 21;Rock sinfónico 20;http://www.rtve.es/play/audios/discopolis/discopolis-8192-rock-sinfonico-20-04-02-13/1682446/;2013;2
Episodio 22;Rock Sinfonico 21;http://www.rtve.es/play/audios/discopolis/discopolis-8193-rock-sinfonico-21-05-02-13/1683349/;2013;2
Episodio 23;Rock Sinfonico 22;http://www.rtve.es/play/audios/discopolis/discopolis-8194-rock-sinfonico-22-06-02-13/1684228/;2013;2
Episodio 24;Rock Sinfonico 23;http://www.rtve.es/play/audios/discopolis/discopolis-8195-rock-sinfonico-23-07-02-13/1685205/;2013;2
Episodio 25;Rock sinfónico 24;http://www.rtve.es/play/audios/discopolis/discopolis-8196-rock-sinfonico-24-08-02-13/1686116/;2013;2
Episodio 26;Rock sinfónico 25;http://www.rtve.es/play/audios/discopolis/discopolis-8198-rock-sinfonico-25-11-0-13/1687936/;2013;2
Episodio 27;Rock Sinfónico 26;http://www.rtve.es/play/audios/discopolis/discopolis-8206-rock-sinfonico-26-20-02-13/1695483/;2013;2
Episodio 28;Rock Sinfónico 28;https://www.rtve.es/play/audios/discopolis/discopolis-8208-rock-sinfonico-28-22-02-13/1697420/;2013;2
Episodio 29;Rock Sinfonico 29;http://www.rtve.es/play/audios/discopolis/discopolis-8210-rock-sinfonico-29-25-02-13/1699286/;2013;2
Episodio 30;Rock Sinfonico 30;http://www.rtve.es/play/audios/discopolis/discopolis-8211-rock-sinfonico-30-26-02-13/1700199/;2013;2
Episodio 31;Rock Sinfónico 31;http://www.rtve.es/play/audios/discopolis/discopolis-8213-rock-sinfonico-31-28-02-13/1702346/;2013;2
Episodio 32;Rock Sinfonico 32;http://www.rtve.es/play/audios/discopolis/discopolis-8214-rock-sinfonico-32-01-03-13/1703559/;2013;3
Episodio 33;Rock sinfónico 34;http://www.rtve.es/play/audios/discopolis/discopolis-8224-rock-sinfonico-34-13-03-13/1718842/;2013;3
Episodio 34;Rock Sinfonico 35 Greg Lake;http://www.rtve.es/play/audios/discopolis/discopolis-8230-rock-sinfonico-35-greg-lake-20-03-13/1727621/;2013;3
Episodio 35;Rock Sinfonico 36;http://www.rtve.es/play/audios/discopolis/discopolis-8232-rock-sinfonico-36-22-03-13/1730467/;2013;3
Episodio 36;Rock sinfónico 37;http://www.rtve.es/play/audios/discopolis/discopolis-8240-rock-sinfonico-37-01-04-13/1741907/;2013;4
Episodio 37;Rock Sinfonico 38;http://www.rtve.es/play/audios/discopolis/discopolis-8242-rock-sinfonico-38-03-04-13/1745478/;2013;4
Episodio 38;Rock sinfonico 39;http://www.rtve.es/play/audios/discopolis/discopolis-8248-rock-sinfonico-39-10-04-13/1757688/;2013;4
Episodio 39;Rock sinfónico 40;http://www.rtve.es/play/audios/discopolis/discopolis-8249-rock-sinfonico-40-11-04-13/1759771/;2013;4
Episodio 40;Rock sinfonico 41;http://www.rtve.es/play/audios/discopolis/discopolis-8250-rock-sinfonico-41-12-04-13/1762176/;2013;4
Episodio 41;Rock Sinfónico 42: Rusia;http://www.rtve.es/play/audios/discopolis/discopolis-8177-rock-sinfonico-42-rusia-15-05-13/1820490/;2013;5
Episodio 42;Rock Sinfónico 43;http://www.rtve.es/play/audios/discopolis/discopolis-8178-rock-sinfonico-43-16-05-13/1822063/;2013;5
Episodio 43;Rock sinfónico 44 Absente H;http://www.rtve.es/play/audios/discopolis/discopolis-8291-rock-sinfonico-44-absente-31-05-13/1848371/;2013;5
Episodio 44;Rock Sinfónico 45;http://www.rtve.es/play/audios/discopolis/discopolis-8382-rock-sinfonico-45-06-09-13/2013400/;2013;9
Episodio 45;Rock sinfónico, heavy y progr. 46;http://www.rtve.es/play/audios/discopolis/discopolis-8392-rock-sinfonico-heavy-progresivo-46-18-09-13/2022127/;2013;9
Episodio 46;Rock Sinfónico 47;http://www.rtve.es/play/audios/discopolis/discopolis-8426-rock-sinfonico-47-28-10-13/2104549/;2013;10
Episodio 47;Rock Sinfónico 48;http://www.rtve.es/play/audios/discopolis/discopolis-8451-rock-sinfonico-48-animals-pink-floyd-magazine-26-11-13/2172749/;2013;11
Episodio 48;Rock Sinfónico 49;http://www.rtve.es/play/audios/discopolis/discopolis-8507-rock-sinfonico-49-30-01-14/2361497/;2014;1
Episodio 49;Rock Sinfónico 50;http://www.rtve.es/play/audios/discopolis/discopolis-050214/2378407/;2014;2
Episodio 50;Rock Sinfónico 51;http://www.rtve.es/play/audios/discopolis/discopolis-070214/2384009/;2014;2
Episodio 51;Johnny Winter-Rock Sinfónico;http://www.rtve.es/play/audios/discopolis/discopolis-8698-johnny-winter-rock-sinfonico-05-09-14/2742237/;2014;9
Episodio 52;Rock Sinfonico 53;http://www.rtve.es/play/audios/discopolis/discopolis-8700-rock-sinfonico-53-08-09-14/2745484/;2014;9
Episodio 53;Rock Sinfónico 54;http://www.rtve.es/play/audios/discopolis/discopolis-8702-rock-sinfonico-54-10-09-14/2749351/;2014;9
Episodio 54;Rock Sinfónico 55;http://www.rtve.es/play/audios/discopolis/discopolis-8708-rock-sinfonico-55-17-09-14/2763550/;2014;9
Episodio 55;Rock sinfónico 56: Neuronium;http://www.rtve.es/play/audios/discopolis/discopolis-8709-rock-sinfonico-56-neuronium-18-09-14/2766054/;2014;9
Episodio 56;Rock Sinfónico 57 Eduardo Bort;http://www.rtve.es/play/audios/discopolis/discopolis-8726-rock-sinfonico-57-eduardo-bort-06-10-14/2793909/;2014;10
Episodio 57;Rock Sinfónico 58;http://www.rtve.es/play/audios/discopolis/discopolis-8727-rock-sinfonico-58-07-10-14/2795939/;2014;10
Episodio 58;Rock Sinfonico 59;http://www.rtve.es/play/audios/discopolis/discopolis-8728-rock-sinfonico-59-08-10-14/2798121/;2014;10
Episodio 59;Rock Sinfónico 60;http://www.rtve.es/play/audios/discopolis/discopolis-8729-rock-sinfonico-60-09-10-14/2800017/;2014;10
Episodio 60;Rock Sinfónico 61 Pink Floyd;http://www.rtve.es/play/audios/discopolis/discopolis-8730-rock-sinfonico-61-pink-floyd-10-10-14/2801827/;2014;10
Episodio 61;Rock Sinfónico 62: Alan Parsons;http://www.rtve.es/play/audios/discopolis/discopolis-8768-rock-sinfonico-62-alan-parsons-24-11-14/2872901/;2014;11
Episodio 62;Rock Sinfónico 63: U P F;http://www.rtve.es/play/audios/discopolis/discopolis-rock-sinfonico-63-28-11-14/2879960/;2014;11
Episodio 63;Rock Sinfónico 65;http://www.rtve.es/play/audios/discopolis/discopolis-220115/2960756/;2015;1
Episodio 64;Rock Sinfónico 66: Herba d'Hameli;http://www.rtve.es/play/audios/discopolis/discopolis-8879-rock-sinfonico-66-herba-dhameli-31-03-15/3070629/;2015;3
Episodio 65;Vanilla Fudge. Rock sinfónico 67;http://www.rtve.es/play/audios/discopolis/discopolis-8902-vanilla-fudge-rock-sinfonico-67-20-04-15/3098517/;2015;4
Episodio 66;Rock sinfónico 68;http://www.rtve.es/play/audios/discopolis/discopolis-8942-rock-sinfonico-68-25-05-15/3140744/;2015;5
Episodio 67;Chris Squire-Rock sinfónico 70;http://www.rtve.es/play/audios/discopolis/discopolis-8981-chris-squire-rock-sinfonico-70-29-06-15/3191134/;2015;6
Episodio 68;Rock Sinfónico 71;http://www.rtve.es/play/audios/discopolis/discopolis-9064-rock-sinfonico-71-arkady-shilkloper-10-09-15/3277301/;2015;9
Episodio 69;Victor Jara - Tommy (Rock Sinfónico 72);http://www.rtve.es/play/audios/discopolis/discopolis-9071-victor-jara-tommy-rock-sinfonico-72-16-09-15/3286318/;2015;9
Episodio 70;Rock Sinfónico 72-Jeremy Pelt;http://www.rtve.es/play/audios/discopolis/discopolis-261015/3335088/;2015;10
Episodio 71;Rock Sinfónico: Spock's Beard;http://www.rtve.es/play/audios/discopolis/discopolis-281015/3338187/;2015;10
Episodio 72;Rock sinfónico 74: Roger Waters;http://www.rtve.es/play/audios/discopolis/discopolis-191115/3370554/;2015;11
Episodio 73;Rock sinfónico: 75 Pendragon;http://www.rtve.es/play/audios/discopolis/discopolis-201115/3372102/;2015;11
Episodio 74;Rock sinfónico 76;http://www.rtve.es/play/audios/discopolis/discopolis-9172-rock-sinfonico-76-17-12-15/3411885/;2015;12
Episodio 75;Rock Sinfónico 77: King Crimson;http://www.rtve.es/play/audios/discopolis/discopolis-9268-rock-sinfonico-77-king-crimson-08-03-16/3514929/;2016;3
Episodio 76;Rock sinfónico 78;http://www.rtve.es/play/audios/discopolis/discopolis-9441-rock-sinfonico-78-11-08-16/3690866/;2016;8
Episodio 77;Rock Sinfónico 79: E,L & P.;http://www.rtve.es/play/audios/discopolis/discopolis-9442-rock-sinfonico-79-12-08-16/3692118/;2016;8
Episodio 78;Rock Sinfónico 80: Roger Waters 1ª;https://www.rtve.es/play/audios/discopolis/160915-discopolis-roger-waters-01-2016-08-12t09-02-30207/3691736/;2016;9
Episodio 79;Rock Sinfónico 81: Roger Waters 2ª;https://www.rtve.es/play/audios/discopolis/160916-discopolis-roger-waters-02-2016-08-12t09-02-30207/3691749/;2016;9
Episodio 80;Rock Sinfónico 82 Jon Lord Yecla;http://www.rtve.es/play/audios/discopolis/discopolis-9542-rock-sinfonico-82-jon-lord-yecla-10-11-16/3794503/;2016;11
Episodio 81;Rock Sinfónico 83 Jon Lord Yecla;http://www.rtve.es/play/audios/discopolis/discopolis-9543-rock-sinfonico-83-jon-lord-yecla-11-11-16/3796483/;2016;11
Episodio 82;Rock Sinfónico 84 Pink Floyd;http://www.rtve.es/play/audios/discopolis/discopolis-9603-rock-sinfonico-84-pink-floyd-02-01-17/3852516/;2017;1
Episodio 83;Rock Sinfónico 85 Pink Floyd;http://www.rtve.es/play/audios/discopolis/discopolis-030117/3853495/;2017;1
Episodio 84;Rock Sinfónico 01 The Nice;http://www.rtve.es/play/audios/discopolis/discopolis-9743-rock-sinfonico-01-the-nice-22-05-17/4031665/;2017;5
Episodio 85;Rock Sinfónico 02 Pete Sinfield;http://www.rtve.es/play/audios/discopolis/discopolis-9744-rock-sinfonico-02-pete-sinfield-23-05-17/4033507/;2017;5
Episodio 86;Rock Sinfónico 03 Can, Focus, Yes;http://www.rtve.es/play/audios/discopolis/discopolis-9745-rock-sinfonico-03-can-focus-yes-24-05-17/4034857/;2017;5
Episodio 87;Rock Sinfónico 04 Argent-Genesis;http://www.rtve.es/play/audios/discopolis/discopolis-9746-rock-sinfonico-04-argent-genesis-25-05-17/4036439/;2017;5
Episodio 88;Rock Sinfónico 05 K.Crimson;http://www.rtve.es/play/audios/discopolis/discopolis-9747-rock-sinfonico-05-kcrimson-26-05-17/4037596/;2017;5
Episodio 89;Rock Sinfónico 06 Le Orme;http://www.rtve.es/play/audios/discopolis/discopolis-9764-rock-sinfonico-06-orme-29-05-17/4039879/;2017;5
Episodio 90;Rock Sinfónico 07;http://www.rtve.es/play/audios/discopolis/discopolis-9765-rock-sinfonico-07-30-05-17/4041364/;2017;5
Episodio 91;Rock Sinfónico 08 Zappa-Canarios;http://www.rtve.es/play/audios/discopolis/discopolis-9766-rock-sinfonico-08-zappa-canarios-31-05-17/4042752/;2017;5
Episodio 92;Rock Sinfónico 09 Steven Wilson;http://www.rtve.es/play/audios/discopolis/discopolis-9767-rock-sinfonico-09-steven-wilson-birth-control-01-06-17/4044152/;2017;6
Episodio 93;Rock Sinfónico 10 Colosseum;http://www.rtve.es/play/audios/discopolis/discopolis-020617/4046167/;2017;6
Episodio 94;Rock Sinfónico 11 Pendragon;http://www.rtve.es/play/audios/discopolis/discopolis-9771-rock-sinfonico-11-pendragon-05-06-17/4051519/;2017;6
Episodio 95;Rock sinfónico 12 Procol Harum;http://www.rtve.es/play/audios/discopolis/discopolis-9772-rock-sinfonico-12-procol-harum-06-06-17/4053233/;2017;6
Episodio 96;Rock sinfónico 13 Jethro Tull;http://www.rtve.es/play/audios/discopolis/discopolis-9773-rock-sinfonico-13-jethro-tull-07-06-17/4054889/;2017;6
Episodio 97;Rock Sinfónico 14 New Trolls;http://www.rtve.es/play/audios/discopolis/discopolis-9774-rock-sinfonico-14-new-trolls-08-06-17/4056646/;2017;6
Episodio 98;Rock Sinfónico 15 Think Floyd;http://www.rtve.es/play/audios/discopolis/discopolis-9775-rock-sinfonico-15-think-floyd-09-06-17/4058897/;2017;6
Episodio 99;Rock Sinfónico 16 Uriah Heep;http://www.rtve.es/play/audios/discopolis/discopolis-9779-rock-sinfonico-16-uriah-heep-12-06-17/4061830/;2017;6
Episodio 100;Rock sinfónico 17;http://www.rtve.es/play/audios/discopolis/discopolis-9780-rock-sinfonico-17-13-06-17/4063518/;2017;6
Episodio 101;Rock sinfónico 18 Nigel Kennedy;http://www.rtve.es/play/audios/discopolis/discopolis-9781-rock-sinfonico-18-nigel-kennedy-14-06-17/4065200/;2017;6
Episodio 102;Rock sinfónico 19 Transatlantic 15/06/17;http://www.rtve.es/play/audios/discopolis/discopolis-9782-rock-sinfonico-19-transatlantic-15-06-17/4066233/;2017;6
Episodio 103;Rock sinfónico 20 Kotebel;http://www.rtve.es/play/audios/discopolis/discopolis-9783-rock-sinfonico-20-kotebel-16-06-17/4068065/;2017;6
Episodio 104;Rock Sinfónico 21 Zenit;http://www.rtve.es/play/audios/discopolis/discopolis-9787-rock-sinfonico-21-zenit-19-06-17/4071091/;2017;6
Episodio 105;Rock Sinfónico The Pineapple Thief 22;http://www.rtve.es/play/audios/discopolis/discopolis-9788-rock-sinfonico-the-pineapple-thief-22-20-06-17/4072503/;2017;6
Episodio 106;Rock sinfónico 23 Iman Califato I.;http://www.rtve.es/play/audios/discopolis/discopolis-9789-rock-sinfonico-23-iman-califato-21-06-17/4074149/;2017;6
Episodio 107;Rock Sinfónico 24 King Crimson;http://www.rtve.es/play/audios/discopolis/discopolis-9790-rock-sinfonico-24-king-crimson-22-06-17/4075444/;2017;6
Episodio 108;Rock sinfónico 25 The Moody Blues;http://www.rtve.es/play/audios/discopolis/discopolis-9791-rock-sinfonico-25-the-moody-blues-23-06-17/4077580/;2017;6
Episodio 109;Rock Sinfónico 26 Vanilla Fudge;http://www.rtve.es/play/audios/discopolis/discopolis-8792-rock-sinfonico-26-vanilla-fudge-26-06-17/4077103/;2017;6
Episodio 110;Rock sinfónico 27 Soft Machine;http://www.rtve.es/play/audios/discopolis/discopolis-9796-rock-sinfonico-27-soft-machine-27-07-17/4077379/;2017;6
Episodio 111;Rock sinfónico 28 Ars Nova;http://www.rtve.es/play/audios/discopolis/discopolis-9794-rock-sinfonico-28-ars-nova-28-06-17/4086780/;2017;6
Episodio 112;Rock sinfónico 29 Tangerine Dream;http://www.rtve.es/play/audios/discopolis/discopolis-9795-rock-sinfonico-29-tangerine-dream-29-06-17/4086801/;2017;6
Episodio 113;Rock sinfónico 30 Neal Morse;http://www.rtve.es/play/audios/discopolis/discopolis-9796-rock-sinfonico-30-neal-morse-30-06-17/4086791/;2017;6
Episodio 114;Rock Sinfónico 31 Flower Kings;http://www.rtve.es/play/audios/discopolis/discopolis-9800-rock-sinfonico-31-flower-kings-03-07-17/4095361/;2017;7
Episodio 115;Rock Sinfónico 32 Caravan;http://www.rtve.es/play/audios/discopolis/discopolis-9801-rock-sinfonico-32-caravan-04-07-17/4097172/;2017;7
Episodio 116;Rock Sinfónico 33 After Crying;http://www.rtve.es/play/audios/discopolis/discopolis-9802-rock-sinfonico-33-after-crying-05-07-17/4096995/;2017;7
Episodio 117;Rock Sinfónico 34 The Pineapple Thief;https://www.rtve.es/play/audios/discopolis/discopolis-9803-rock-sinfonico-34-the-pineapple-thief-06-07-17/4097038/;2017;7
Episodio 118;Rock Sinfónico 35 Greg Lake;https://www.rtve.es/play/audios/discopolis/discopolis-9804-rock-sinfonico-35-greg-lake-07-07-17/4101878/;2017;7
Episodio 119;Rock Sinfónico 36 Fermata;http://www.rtve.es/play/audios/discopolis/discopolis-9800-rock-sinfonico-36-fermata-10-07-17/4101925/;2017;7
Episodio 120;Rock sinfónico 37;http://www.rtve.es/play/audios/discopolis/170711-discopolis-rock-sinfonico-37-2017-07-07t10-40-08643/4101855/;2017;7
Episodio 121;Rock Sinfónico 38 -The Nice;http://www.rtve.es/play/audios/discopolis/discopolis-9810-rock-sinfonico-38-the-nice-12-07-17/4101854/;2017;7
Episodio 122;Rock sinfónico 39 Solaris;http://www.rtve.es/play/audios/discopolis/discopolis-9811-rock-sinfonico-39-solaris-13-07-17/4111913/;2017;7
Episodio 123;Rock Sinfónico 40 Flaming Lips;http://www.rtve.es/play/audios/discopolis/discopolis-9812-rock-sinfonico-40-flaming-lips-14-07-17/4111945/;2017;7
Episodio 124;Rock Sinfónico 41 Pink Floyd sin ellos;https://www.rtve.es/play/audios/discopolis/discopolis-9814-rock-sinfonico-41-pink-floyd-sin-ellos-17-07-17/4115423/;2017;7
Episodio 125;Rock Sinfónico 42 Rusos;https://www.rtve.es/play/audios/discopolis/discopolis-9815-rock-sinfonico-42-rusos-18-07-17/4111914/;2017;7
Episodio 126;Rock Sinfónico 43 Mas rusos;http://www.rtve.es/play/audios/discopolis/discopolis-9816-rock-sinfonico-43-mas-rusos-19-07-17/4115422/;2017;7
Episodio 127;Rock Sinfónico 86 Libro Eduardo Salueña;http://www.rtve.es/play/audios/discopolis/discopolis-9932-rock-sinfonico-86-libro-eduardo-saluena-03-11-17/4285864/;2017;11
Episodio 128;Rock Sinfónico 87;http://www.rtve.es/play/audios/discopolis/discopolis-10685-rock-sinfonico-87-10-09-19/5360184/;2019;9
Episodio 129;10.706: Rock Sinfónico 88 Neal Morse;http://www.rtve.es/play/audios/discopolis/discopolis-10706-rock-sinfonico-88-neal-morse-30-09-19/5398857/;2019;9
Episodio 130;10.707:  Rock Sinfónico 89 IZZ;http://www.rtve.es/play/audios/discopolis/discopolis-10707-rock-sinfonico-89-izz-01-10-19/5399677/;2019;10
Episodio 131;10.708: Rock sinfónico 90 Pineapple Thief;http://www.rtve.es/play/audios/discopolis/discopolis-10708-rock-sinfonico-90-pineapple-thief-02-10-19/5400467/;2019;10
Episodio 132;10.709: Rock sinfónico 91 Kinetic Element;http://www.rtve.es/play/audios/discopolis/discopolis-10709-rock-sinfonico-91-kinetic-element-03-10-19/5401265/;2019;10
Episodio 133;10.714: Rock Sinfónico 92 Different Light;http://www.rtve.es/play/audios/discopolis/discopolis-071019/5403525/;2019;10
Episodio 134;10.716: Rock sinfónico 93 Flying Colours;http://www.rtve.es/play/audios/discopolis/discopolis-10716-rock-sinfonico-93-flying-colours-09-10-19/5406165/;2019;10
Episodio 135;10.745: Rock sinfónico 94 Chasin the Monsoon;http://www.rtve.es/play/audios/discopolis/discopolis-10717-rock-sinfonico-94-chasin-the-monsoon-10-10-19/5407019/;2019;10
Episodio 136;10.718: Rock sinfónico 95: Bloque;http://www.rtve.es/play/audios/discopolis/discopolis-10718-rock-sinfonico-95-bloque-11-10-19/5407899/;2019;10
Episodio 137;10.722: Rock sinfónico 96: Magic Pie;http://www.rtve.es/play/audios/discopolis/discopolis-10722-rock-sinfonico-96-magic-pie-14-10-19/5409720/;2019;10
Episodio 138;10.723: Rock sinfónico 97 Electric Asturias;http://www.rtve.es/play/audios/discopolis/discopolis-10723-rock-sinfonico-97-electric-asturias-15-10-19/5410698/;2019;10
Episodio 139;10.724 Rock Sinfónico 98 Dream Theater;http://www.rtve.es/play/audios/discopolis/discopolis-10724-rock-sinfonico-98-dream-theater-16-10-19/5411984/;2019;10
Episodio 140;10.726: Rock Sinfónico 99 Bloque 2;http://www.rtve.es/play/audios/discopolis/discopolis-10726-rock-sinfonico-99-bloque-2-18-10-19/5414712/;2019;10
Episodio 141;10.734: Rock Sinfónico 100: Bloque y3;http://www.rtve.es/play/audios/discopolis/discopolis-10734-rock-sinfonico-100-bloque-y3-25-10-19/5423088/;2019;10
Episodio 142;10.739: Rock sinfónico 101: Ayreon;http://www.rtve.es/play/audios/discopolis/discopolis-10739-rock-sinfonico-101-ayreon-29-10-19/5425992/;2019;10
Episodio 143;10.754: Rock sinfónico 102 Lost World Band;http://www.rtve.es/play/audios/discopolis/discopolis-10754-rock-sinfonico-102-lost-world-band-11-11-19/5440715/;2019;11
Episodio 144;10.780: Rock Sinfónico 103 The Later Pink Floyd;http://www.rtve.es/play/audios/discopolis/discopolis-10780-rock-sinfonico-103-the-later-pink-floyd-05-12-19/5460445/;2019;12
Episodio 145;10.794 Rock sinfónico 104, Pink Floyd cofre;http://www.rtve.es/play/audios/discopolis/discopolis-10794-rock-sinfonico-104-pink-floyd-cofre-17-12-19/5467576/;2019;12
Episodio 146;11.105: Rock Sinfónico 105: Bernard & Porsti, King Crimson;https://www.rtve.es/play/audios/discopolis/discopolis-11105-rock-sinfonico-105-bernard-porsti-king-crimson-14-10-20/5683272/;2020;10
Episodio 147;11.106: Rock Sinfónico 106: K.Crimson,A Saucerful of Secrets;https://www.rtve.es/play/audios/discopolis/discopolis-11106-rock-sinfonico-106-crimson-saucerful-of-secrets-15-10-20/5684222/;2020;10
Episodio 148;11.107: Rock Sinfónico 107: Qamar, A Saucerful of Secrets;https://www.rtve.es/play/audios/discopolis/discopolis-11107-rock-sinfonico-107-qamar-saucerful-of-secrets-16-10-20/5686042/;2020;10
Episodio 149;11.112: Rock Sinfónico 108: Kansas - R. Krieger;https://www.rtve.es/play/audios/discopolis/discopolis-11112-rock-sinfonico-108-kansas-krieger-21-10-20/5689342/;2020;10
Episodio 150;11.117: Rock Sinfónico 110: Ozric Tentacles, Lonely Robot;https://www.rtve.es/play/audios/discopolis/discopolis-11117-rock-sinfonico-110-ozric-tentacles-lonely-robot-26-10-20/5694511/;2020;10
Episodio 151;11.118: Rock Sinfónico 111: Pymlico, O.Tentacles, S.Howe;https://www.rtve.es/play/audios/discopolis/discopolis-11118-rock-sinfonico-111-pymlico-otentacles-showe-27-10-20/5695099/;2020;10
Episodio 152;11.119: Rock Sinfónico 112: Pineapple Thief, Millenium;https://www.rtve.es/play/audios/discopolis/discopolis-11119-rock-sinfonico-112-pineapple-thief-millenium-28-10-20/5696281/;2020;10
Episodio 153;11.132: Rock Sinfónico 113 Dukes Orient, Esabuc;https://www.rtve.es/play/audios/discopolis/11132-rock-sinfonico-113-dukes-orient-esabuc-10-11-20/5709360/;2020;11
